Datetime,Water Level (m)
2026-07-09 00:00:00,0.516021
2026-07-09 01:00:00,0.34988505
2026-07-09 02:00:00,0.21162368
2026-07-09 03:00:00,0.12427585
2026-07-09 04:00:00,0.11776943
2026-07-09 05:00:00,0.19236146
2026-07-09 06:00:00,0.34197208
2026-07-09 07:00:00,0.51071715
2026-07-09 08:00:00,0.63918453
2026-07-09 09:00:00,0.7018514
2026-07-09 10:00:00,0.67587197
2026-07-09 11:00:00,0.56847316
2026-07-09 12:00:00,0.3978885
2026-07-09 13:00:00,0.17423429
2026-07-09 14:00:00,-0.019807836
2026-07-09 15:00:00,-0.15730308
2026-07-09 16:00:00,-0.21002868
2026-07-09 17:00:00,-0.16819564
2026-07-09 18:00:00,-0.014249838
2026-07-09 19:00:00,0.2090902
2026-07-09 20:00:00,0.43977013
2026-07-09 21:00:00,0.6395406
2026-07-09 22:00:00,0.76020795
2026-07-09 23:00:00,0.7962892
2026-07-10 00:00:00,0.72615665
2026-07-10 01:00:00,0.58240074
2026-07-10 02:00:00,0.40425485
2026-07-10 03:00:00,0.236946
2026-07-10 04:00:00,0.12777711
2026-07-10 05:00:00,0.08628073
2026-07-10 06:00:00,0.13244972
2026-07-10 07:00:00,0.25470725
2026-07-10 08:00:00,0.41811994
2026-07-10 09:00:00,0.5558769
2026-07-10 10:00:00,0.6451008
2026-07-10 11:00:00,0.66198593
2026-07-10 12:00:00,0.604043
2026-07-10 13:00:00,0.43733767
2026-07-10 14:00:00,0.2116368
2026-07-10 15:00:00,0.0041544577
2026-07-10 16:00:00,-0.156232
2026-07-10 17:00:00,-0.23284714
2026-07-10 18:00:00,-0.20249507
2026-07-10 19:00:00,-0.033817817
2026-07-10 20:00:00,0.21493492
2026-07-10 21:00:00,0.47413477
2026-07-10 22:00:00,0.71285844
2026-07-10 23:00:00,0.8639786
2026-07-11 00:00:00,0.9134069
2026-07-11 01:00:00,0.8467343
2026-07-11 02:00:00,0.6938075
2026-07-11 03:00:00,0.4885527
2026-07-11 04:00:00,0.28889802
2026-07-11 05:00:00,0.12319871
2026-07-11 06:00:00,0.039054606
2026-07-11 07:00:00,0.053229135
2026-07-11 08:00:00,0.1689853
2026-07-11 09:00:00,0.33761284
2026-07-11 10:00:00,0.5023464
2026-07-11 11:00:00,0.61596966
2026-07-11 12:00:00,0.6611844
2026-07-11 13:00:00,0.59339935
2026-07-11 14:00:00,0.41919142
2026-07-11 15:00:00,0.18996534
2026-07-11 16:00:00,-0.04077056
2026-07-11 17:00:00,-0.22468036
2026-07-11 18:00:00,-0.31547922
2026-07-11 19:00:00,-0.26663277
2026-07-11 20:00:00,-0.08676615
2026-07-11 21:00:00,0.1852215
2026-07-11 22:00:00,0.48177043
2026-07-11 23:00:00,0.7571264
2026-07-12 00:00:00,0.95040756
2026-07-12 01:00:00,1.0199109
2026-07-12 02:00:00,0.9495907
2026-07-12 03:00:00,0.7684428
2026-07-12 04:00:00,0.5180693
2026-07-12 05:00:00,0.2607626
2026-07-12 06:00:00,0.05244708
2026-07-12 07:00:00,-0.06384909
2026-07-12 08:00:00,-0.04963033
2026-07-12 09:00:00,0.08218004
2026-07-12 10:00:00,0.28929046
2026-07-12 11:00:00,0.4981153
2026-07-12 12:00:00,0.65419394
2026-07-12 13:00:00,0.7182609
2026-07-12 14:00:00,0.6563858
2026-07-12 15:00:00,0.4734212
2026-07-12 16:00:00,0.21577926
2026-07-12 17:00:00,-0.043630023
2026-07-12 18:00:00,-0.25153437
2026-07-12 19:00:00,-0.35302025
2026-07-12 20:00:00,-0.30874664
2026-07-12 21:00:00,-0.106122285
2026-07-12 22:00:00,0.20432861
2026-07-12 23:00:00,0.54324156
2026-07-13 00:00:00,0.85302573
2026-07-13 01:00:00,1.0720215
2026-07-13 02:00:00,1.128129
2026-07-13 03:00:00,1.0244706
2026-07-13 04:00:00,0.79060656
2026-07-13 05:00:00,0.4892913
2026-07-13 06:00:00,0.18383907
2026-07-13 07:00:00,-0.061532997
2026-07-13 08:00:00,-0.18018834
2026-07-13 09:00:00,-0.1447494
2026-07-13 10:00:00,0.018255837
2026-07-13 11:00:00,0.26559812
2026-07-13 12:00:00,0.51410407
2026-07-13 13:00:00,0.70178944
2026-07-13 14:00:00,0.77814394
2026-07-13 15:00:00,0.7009211
2026-07-13 16:00:00,0.48993534
2026-07-13 17:00:00,0.19979659
2026-07-13 18:00:00,-0.088001326
2026-07-13 19:00:00,-0.3050379
2026-07-13 20:00:00,-0.40198684
2026-07-13 21:00:00,-0.32749835
2026-07-13 22:00:00,-0.097621724
2026-07-13 23:00:00,0.2451776
2026-07-14 00:00:00,0.61592203
2026-07-14 01:00:00,0.94714576
2026-07-14 02:00:00,1.1557584
2026-07-14 03:00:00,1.1949874
2026-07-14 04:00:00,1.0424058
2026-07-14 05:00:00,0.75814664
2026-07-14 06:00:00,0.40964997
2026-07-14 07:00:00,0.07473792
2026-07-14 08:00:00,-0.18237275
2026-07-14 09:00:00,-0.29268697
2026-07-14 10:00:00,-0.22511631
2026-07-14 11:00:00,-0.012812405
2026-07-14 12:00:00,0.2762965
2026-07-14 13:00:00,0.5663293
2026-07-14 14:00:00,0.7651098
2026-07-14 15:00:00,0.8322803
2026-07-14 16:00:00,0.7297531
2026-07-14 17:00:00,0.48376545
2026-07-14 18:00:00,0.17086591
2026-07-14 19:00:00,-0.13661702
2026-07-14 20:00:00,-0.35020712
2026-07-14 21:00:00,-0.42854503
2026-07-14 22:00:00,-0.32981306
2026-07-14 23:00:00,-0.059252575
2026-07-15 00:00:00,0.3163523
